domaine,date
simulateur-assurance-auto.be,2026-07-10
quel-fournisseur-energie.be,2026-07-13
meilleur-abonnement-5g.be,2026-07-17
quelle-assurance-auto.be,2026-07-20
meilleure-citadine.be,2026-07-23
comparer-banque.be,2026-07-27
meilleur-operateur-mobile.be,2026-07-27
meilleure-voiture-de-luxe.be,2026-08-02
comparer-abonnement-tv.be,2026-08-12
comparer-carte-credit.be,2026-08-17
meilleur-cabinet-avocat.be,2026-08-21
quel-abonnement-gsm-choisir.be,2026-08-24
meilleur-operateur-internet.be,2026-08-28
meilleure-banque.be,2026-08-31
